中转IP,中转端口,回源IP,国家,数据中心,IP类型,网络延迟,等效带宽,峰值速度,峰值速度数值
18.216.55.100,443,18.216.55.100,US,Columbus,中转,23 ms,648 Mbps,82944 kB/s,82944.0
184.169.181.217,443,184.169.181.217,US,San Jose,中转,67 ms,449 Mbps,57548 kB/s,57548.0
129.146.7.98,443,129.146.7.98,US,Los Angeles,中转,53 ms,396 Mbps,50790 kB/s,50790.0
35.230.79.26,443,35.212.212.40,US,Seattle,隧道,69 ms,379 Mbps,48537 kB/s,48537.0
35.197.23.75,443,35.212.212.40,US,Seattle,隧道,68 ms,376 Mbps,48128 kB/s,48128.0
34.82.76.253,443,34.169.31.209,US,Seattle,隧道,68 ms,369 Mbps,47308 kB/s,47308.0
192.9.139.160,443,192.9.139.160,US,San Jose,中转,68 ms,342 Mbps,43827 kB/s,43827.0
23.94.43.51,443,23.94.43.51,US,Seattle,中转,72 ms,280 Mbps,35840 kB/s,35840.0
18.184.55.249,443,18.184.55.249,DE,Frankfurt,中转,103 ms,279 Mbps,35737 kB/s,35737.0
198.23.254.51,443,198.23.254.51,US,San Jose,中转,72 ms,199 Mbps,25497 kB/s,25497.0
3.112.21.102,443,3.112.21.102,JP,Tokyo,中转,168 ms,120 Mbps,15462 kB/s,15462.0
138.3.252.187,443,138.3.252.187,DE,Frankfurt,中转,90 ms,51 Mbps,6605 kB/s,6605.0
158.101.214.54,443,158.101.214.54,NL,Amsterdam,中转,89 ms,46 Mbps,6005 kB/s,6005.0
132.145.232.171,443,2603:c020:8017:1500:df10:8f8a:d484:d994,DE,Frankfurt,隧道,92 ms,44 Mbps,5703 kB/s,5703.0
168.138.46.67,443,168.138.46.67,JP,Osaka,中转,168 ms,40 Mbps,5163 kB/s,5163.0
64.110.104.30,443,64.110.104.30,JP,Osaka,中转,166 ms,39 Mbps,5100 kB/s,5100.0
168.138.165.174,443,168.138.165.174,SG,Singapore,中转,253 ms,36 Mbps,4631 kB/s,4631.0
192.9.180.162,443,192.9.180.162,AU,Sydney,中转,197 ms,35 Mbps,4534 kB/s,4534.0
168.138.13.201,443,168.138.13.201,AU,Melbourne,中转,216 ms,34 Mbps,4430 kB/s,4430.0
131.186.17.132,443,131.186.17.132,KR,Seoul,中转,205 ms,34 Mbps,4403 kB/s,4403.0
129.213.136.180,443,2603:c020:4015:ebab:563:e432:6616:6dc6,US,Ashburn,隧道,20 ms,4 Mbps,545 kB/s,545.0
129.159.84.71,443,129.159.84.71,US,Ashburn,中转,122 ms,0 Mbps,38 kB/s,38.0
